{
	"class_name" : "PinholeCameraParameters",
	"extrinsic" : 
	[
		0.99741006255082632,
		0.0020389132329044195,
		0.071895827105511317,
		0.0,
		-0.070242139459556818,
		-0.1873362269510381,
		0.97978118981530427,
		0.0,
		0.015466381816735927,
		-0.98229373453391111,
		-0.18670782021361909,
		0.0,
		-16.187180192511821,
		30.163132032890832,
		54.000533637887351,
		1.0
	],
	"intrinsic" : 
	{
		"height" : 1080,
		"intrinsic_matrix" : 
		[
			935.30743608719376,
			0.0,
			0.0,
			0.0,
			935.30743608719376,
			0.0,
			959.5,
			539.5,
			1.0
		],
		"width" : 1920
	},
	"version_major" : 1,
	"version_minor" : 0
}